{
	"pattrstorage" : 	{
		"name" : "4thDim",
		"slots" : 		{
			"1" : 			{
				"id" : 1,
				"data" : 				{
					"PosX2" : [ 1.0 ],
					"PosY2" : [ 1.0 ],
					"PosY4" : [ 0.0 ],
					"PosZ3" : [ 1.0 ],
					"PosZ4" : [ 1.0 ],
					"enableShape1" : [ 1 ],
					"enableShape2" : [ 0 ],
					"enableShape3" : [ 0 ],
					"enableShape4" : [ 0 ],
					"posX1" : [ 0.0 ],
					"posX3" : [ 0.0 ],
					"posX4" : [ 0.0 ],
					"posY1" : [ 0.0 ],
					"posY3" : [ 0.0 ],
					"posZ1" : [ 0.0 ],
					"posZ3" : [ 1.0 ],
					"rotateX" : [ 0.0 ],
					"rotateY" : [ 0.0 ],
					"rotateZ" : [ 5.0 ],
					"scale4D" : [ 1.0 ],
					"scaleX" : [ 0.999884 ],
					"scaleY" : [ 0.49578 ],
					"scaleZ" : [ 1.0 ],
					"swatch1" : [ 1.0, 1.0, 1.0, 1.0, 0.51314, 1.0, 1.0 ],
					"swatch2" : [ 0.0, 1.0, 1.0, 1.0, 0.5, 1.0, 0.5 ],
					"swatch3" : [ 0.523577, 1.0, 0.433675, 1.0, 0.306876, 1.0, 0.716837 ],
					"swatch4" : [ 1.0, 1.0, 1.0, 1.0, 0.533766, 1.0, 1.0 ]
				}

			}
,
			"2" : 			{
				"id" : 2,
				"data" : 				{
					"PosX2" : [ 0.0 ],
					"PosY2" : [ 0.0 ],
					"PosY4" : [ 0.0 ],
					"PosZ3" : [ 0.5 ],
					"PosZ4" : [ 1.0 ],
					"enableShape1" : [ 1 ],
					"enableShape2" : [ 1 ],
					"enableShape3" : [ 0 ],
					"enableShape4" : [ 0 ],
					"posX1" : [ 0.0 ],
					"posX3" : [ 0.0 ],
					"posX4" : [ 0.0 ],
					"posY1" : [ 0.0 ],
					"posY3" : [ 0.0 ],
					"posZ1" : [ 0.0 ],
					"posZ3" : [ 1.0 ],
					"rotateX" : [ 0.0 ],
					"rotateY" : [ 0.0 ],
					"rotateZ" : [ 5.0 ],
					"scale4D" : [ 1.0 ],
					"scaleX" : [ 0.999884 ],
					"scaleY" : [ 0.49578 ],
					"scaleZ" : [ 1.0 ],
					"swatch1" : [ 1.0, 1.0, 1.0, 1.0, 0.51314, 1.0, 1.0 ],
					"swatch2" : [ 1.0, 1.0, 1.0, 1.0, 0.554393, 1.0, 1.0 ],
					"swatch3" : [ 0.523577, 1.0, 0.433675, 1.0, 0.306876, 1.0, 0.716837 ],
					"swatch4" : [ 1.0, 1.0, 1.0, 1.0, 0.533766, 1.0, 1.0 ]
				}

			}
,
			"3" : 			{
				"id" : 3,
				"data" : 				{
					"PosX2" : [ 0.0 ],
					"PosY2" : [ 0.0 ],
					"PosY4" : [ 0.0 ],
					"PosZ3" : [ 0.5 ],
					"PosZ4" : [ 1.0 ],
					"enableShape1" : [ 1 ],
					"enableShape2" : [ 1 ],
					"enableShape3" : [ 0 ],
					"enableShape4" : [ 0 ],
					"posX1" : [ 0.0 ],
					"posX3" : [ 0.0 ],
					"posX4" : [ 0.0 ],
					"posY1" : [ 0.0 ],
					"posY3" : [ 0.0 ],
					"posZ1" : [ 0.0 ],
					"posZ3" : [ 1.0 ],
					"rotateX" : [ 0.0 ],
					"rotateY" : [ 0.0 ],
					"rotateZ" : [ 5.0 ],
					"scale4D" : [ 1.0 ],
					"scaleX" : [ 0.610236 ],
					"scaleY" : [ 0.270068 ],
					"scaleZ" : [ 1.0 ],
					"swatch1" : [ 1.0, 1.0, 1.0, 1.0, 0.51314, 1.0, 1.0 ],
					"swatch2" : [ 0.286162, 0.590347, 1.0, 1.0, 0.595646, 1.0, 0.643081 ],
					"swatch3" : [ 0.523577, 1.0, 0.433675, 1.0, 0.306876, 1.0, 0.716837 ],
					"swatch4" : [ 1.0, 1.0, 1.0, 1.0, 0.533766, 1.0, 1.0 ]
				}

			}
,
			"4" : 			{
				"id" : 4,
				"data" : 				{
					"PosX2" : [ 0.0 ],
					"PosY2" : [ 0.0 ],
					"PosY4" : [ 0.0 ],
					"PosZ3" : [ 0.5 ],
					"PosZ4" : [ 1.0 ],
					"enableShape1" : [ 1 ],
					"enableShape2" : [ 1 ],
					"enableShape3" : [ 0 ],
					"enableShape4" : [ 0 ],
					"posX1" : [ 0.0 ],
					"posX3" : [ 0.0 ],
					"posX4" : [ 0.0 ],
					"posY1" : [ 0.0 ],
					"posY3" : [ 0.0 ],
					"posZ1" : [ 0.0 ],
					"posZ3" : [ 1.0 ],
					"rotateX" : [ 0.0 ],
					"rotateY" : [ 0.0 ],
					"rotateZ" : [ 5.0 ],
					"scale4D" : [ 1.0 ],
					"scaleX" : [ 0.999995 ],
					"scaleY" : [ 0.99631 ],
					"scaleZ" : [ 1.0 ],
					"swatch1" : [ 1.0, 0.029278724325484, 0.029278724325484, 1.0, 0.0, 1.0, 0.514639362162742 ],
					"swatch2" : [ 1.0, 1.0, 1.0, 1.0, 0.540642, 1.0, 1.0 ],
					"swatch3" : [ 0.523577, 1.0, 0.433675, 1.0, 0.306876, 1.0, 0.716837 ],
					"swatch4" : [ 1.0, 1.0, 1.0, 1.0, 0.533766, 1.0, 1.0 ]
				}

			}
,
			"5" : 			{
				"id" : 5,
				"data" : 				{
					"PosX2" : [ 0.1 ],
					"PosY2" : [ 0.0 ],
					"PosY4" : [ 0.0 ],
					"PosZ3" : [ 0.5 ],
					"PosZ4" : [ 1.0 ],
					"enableShape1" : [ 1 ],
					"enableShape2" : [ 1 ],
					"enableShape3" : [ 0 ],
					"enableShape4" : [ 0 ],
					"posX1" : [ -0.1 ],
					"posX3" : [ 0.0 ],
					"posX4" : [ 0.0 ],
					"posY1" : [ 0.0 ],
					"posY3" : [ 0.0 ],
					"posZ1" : [ 0.0 ],
					"posZ3" : [ 1.0 ],
					"rotateX" : [ 0.0 ],
					"rotateY" : [ 0.0 ],
					"rotateZ" : [ 5.0 ],
					"scale4D" : [ 1.0 ],
					"scaleX" : [ 0.999995 ],
					"scaleY" : [ 0.99631 ],
					"scaleZ" : [ 1.0 ],
					"swatch1" : [ 1.0, 1.0, 1.0, 1.0, 0.520015, 1.0, 1.0 ],
					"swatch2" : [ 1.0, 1.0, 1.0, 1.0, 0.471887, 1.0, 1.0 ],
					"swatch3" : [ 0.523577, 1.0, 0.433675, 1.0, 0.306876, 1.0, 0.716837 ],
					"swatch4" : [ 1.0, 1.0, 1.0, 1.0, 0.533766, 1.0, 1.0 ]
				}

			}
,
			"6" : 			{
				"id" : 6,
				"data" : 				{
					"PosX2" : [ 0.1 ],
					"PosY2" : [ 0.0 ],
					"PosY4" : [ 0.0 ],
					"PosZ3" : [ 0.5 ],
					"PosZ4" : [ 1.0 ],
					"enableShape1" : [ 1 ],
					"enableShape2" : [ 1 ],
					"enableShape3" : [ 1 ],
					"enableShape4" : [ 1 ],
					"posX1" : [ -0.1 ],
					"posX3" : [ 0.0 ],
					"posX4" : [ 0.0 ],
					"posY1" : [ 0.0 ],
					"posY3" : [ 0.0 ],
					"posZ1" : [ 0.0 ],
					"posZ3" : [ 1.0 ],
					"rotateX" : [ 90.0 ],
					"rotateY" : [ 90.0 ],
					"rotateZ" : [ 180.0 ],
					"scale4D" : [ 1.0 ],
					"scaleX" : [ 0.999995 ],
					"scaleY" : [ 0.99631 ],
					"scaleZ" : [ 1.0 ],
					"swatch1" : [ 1.0, 1.0, 1.0, 1.0, 0.520015, 1.0, 1.0 ],
					"swatch2" : [ 1.0, 1.0, 1.0, 1.0, 0.471887, 1.0, 1.0 ],
					"swatch3" : [ 1.0, 1.0, 1.0, 1.0, 0.581895, 1.0, 1.0 ],
					"swatch4" : [ 1.0, 1.0, 1.0, 1.0, 0.719404, 1.0, 1.0 ]
				}

			}
,
			"7" : 			{
				"id" : 7,
				"data" : 				{
					"PosX2" : [ 0.0 ],
					"PosY2" : [ 0.0 ],
					"PosY4" : [ 0.0 ],
					"PosZ3" : [ 0.5 ],
					"PosZ4" : [ 1.0 ],
					"enableShape1" : [ 1 ],
					"enableShape2" : [ 1 ],
					"enableShape3" : [ 0 ],
					"enableShape4" : [ 0 ],
					"posX1" : [ 0.0 ],
					"posX3" : [ 0.0 ],
					"posX4" : [ 0.0 ],
					"posY1" : [ 0.0 ],
					"posY3" : [ 0.0 ],
					"posZ1" : [ 0.0 ],
					"posZ3" : [ 1.0 ],
					"rotateX" : [ 0.0 ],
					"rotateY" : [ 0.0 ],
					"rotateZ" : [ 5.0 ],
					"scale4D" : [ 2.0 ],
					"scaleX" : [ 0.999693 ],
					"scaleY" : [ 0.999999 ],
					"scaleZ" : [ 6.0 ],
					"swatch1" : [ 0.99716, 0.0, 0.0, 1.0, 1.0, 1.0, 0.49858 ],
					"swatch2" : [ 1.0, 1.0, 1.0, 1.0, 0.540642, 1.0, 1.0 ],
					"swatch3" : [ 0.523577, 1.0, 0.433675, 1.0, 0.306876, 1.0, 0.716837 ],
					"swatch4" : [ 1.0, 1.0, 1.0, 1.0, 0.533766, 1.0, 1.0 ]
				}

			}
,
			"8" : 			{
				"id" : 8,
				"data" : 				{
					"PosX2" : [ 0.0 ],
					"PosY2" : [ 0.0 ],
					"PosY4" : [ 0.0 ],
					"PosZ3" : [ 0.5 ],
					"PosZ4" : [ 1.0 ],
					"enableShape1" : [ 1 ],
					"enableShape2" : [ 1 ],
					"enableShape3" : [ 0 ],
					"enableShape4" : [ 0 ],
					"posX1" : [ 0.0 ],
					"posX3" : [ 0.0 ],
					"posX4" : [ 0.0 ],
					"posY1" : [ 0.0 ],
					"posY3" : [ 0.0 ],
					"posZ1" : [ 0.0 ],
					"posZ3" : [ 1.0 ],
					"rotateX" : [ 0.0 ],
					"rotateY" : [ 0.0 ],
					"rotateZ" : [ 5.0 ],
					"scale4D" : [ 4.0 ],
					"scaleX" : [ 0.999693 ],
					"scaleY" : [ 0.999999 ],
					"scaleZ" : [ 4.0 ],
					"swatch1" : [ 1.0, 0.659555344315202, 0.221991610918977, 1.0, 0.093735864449369, 1.0, 0.610995805459489 ],
					"swatch2" : [ 1.0, 1.0, 1.0, 1.0, 0.540642, 1.0, 1.0 ],
					"swatch3" : [ 0.523577, 1.0, 0.433675, 1.0, 0.306876, 1.0, 0.716837 ],
					"swatch4" : [ 1.0, 1.0, 1.0, 1.0, 0.533766, 1.0, 1.0 ]
				}

			}
,
			"9" : 			{
				"id" : 9,
				"data" : 				{
					"PosX2" : [ 0.0 ],
					"PosY2" : [ 0.0 ],
					"PosY4" : [ 0.0 ],
					"PosZ3" : [ 0.5 ],
					"PosZ4" : [ 1.0 ],
					"enableShape1" : [ 0 ],
					"enableShape2" : [ 0 ],
					"enableShape3" : [ 1 ],
					"enableShape4" : [ 1 ],
					"posX1" : [ 0.0 ],
					"posX3" : [ 0.0 ],
					"posX4" : [ 0.0 ],
					"posY1" : [ 0.0 ],
					"posY3" : [ 0.0 ],
					"posZ1" : [ 0.0 ],
					"posZ3" : [ 1.0 ],
					"rotateX" : [ 0.0 ],
					"rotateY" : [ 3.0 ],
					"rotateZ" : [ 180.0 ],
					"scale4D" : [ 1.0 ],