{
	"pattrstorage" : 	{
		"name" : "glitchin",
		"slots" : 		{
			"1" : 			{
				"id" : 1,
				"data" : 				{
					"catch1Color" : [ 255, 255, 255 ],
					"catch2Color" : [ 255, 0, 0 ],
					"masterFader" : [ 127 ],
					"mirrorStraight" : [ 1 ],
					"opSelect1" : [ 5 ],
					"opSelect2" : [ 0 ],
					"opSwitcher" : [ 0 ],
					"plurColorMode" : [ 0 ],
					"plurMode" : [ 0 ],
					"plurXrange" : [ 0 ],
					"plurXstep" : [ 0 ],
					"plurYrange" : [ 0 ],
					"plurYstep" : [ 0 ],
					"scanwrapColor" : [ 1.0, 0.02921879057825, 0.02921879057825, 1.0, 1.0, 1.0, 0.514609395289125 ],
					"tiffanyRange" : [ 0.33333 ]
				}

			}
,
			"2" : 			{
				"id" : 2,
				"data" : 				{
					"catch1Color" : [ 255, 255, 255 ],
					"catch2Color" : [ 255, 0, 0 ],
					"masterFader" : [ 127 ],
					"mirrorStraight" : [ 1 ],
					"opSelect1" : [ 1 ],
					"opSelect2" : [ 0 ],
					"opSwitcher" : [ 0 ],
					"plurColorMode" : [ 0 ],
					"plurMode" : [ 0 ],
					"plurXrange" : [ 0 ],
					"plurXstep" : [ 0 ],
					"plurYrange" : [ 0 ],
					"plurYstep" : [ 0 ],
					"scanwrapColor" : [ 0.0, 0.172879069258448, 0.093488140462306, 1.0, 0.423461981124837, 1.0, 0.086439534629224 ],
					"tiffanyRange" : [ 0.75 ]
				}

			}
,
			"3" : 			{
				"id" : 3,
				"data" : 				{
					"catch1Color" : [ 255, 255, 255 ],
					"catch2Color" : [ 255, 0, 0 ],
					"masterFader" : [ 127 ],
					"mirrorStraight" : [ 1 ],
					"opSelect1" : [ 6 ],
					"opSelect2" : [ 0 ],
					"opSwitcher" : [ 0 ],
					"plurColorMode" : [ 0 ],
					"plurMode" : [ 0 ],
					"plurXrange" : [ 0 ],
					"plurXstep" : [ 0 ],
					"plurYrange" : [ 0 ],
					"plurYstep" : [ 0 ],
					"scanwrapColor" : [ 0.494006464753374, 0.0, 0.367469852966719, 1.0, 0.876023939231182, 1.0, 0.247003232376687 ],
					"tiffanyRange" : [ 0.111 ]
				}

			}
,
			"4" : 			{
				"id" : 4,
				"data" : 				{
					"catch1Color" : [ 255, 71, 166 ],
					"catch2Color" : [ 255, 1, 1 ],
					"masterFader" : [ 127 ],
					"mirrorStraight" : [ 1 ],
					"opSelect1" : [ 7 ],
					"opSelect2" : [ 0 ],
					"opSwitcher" : [ 0 ],
					"plurColorMode" : [ 0 ],
					"plurMode" : [ 0 ],
					"plurXrange" : [ 0 ],
					"plurXstep" : [ 0 ],
					"plurYrange" : [ 0 ],
					"plurYstep" : [ 0 ],
					"scanwrapColor" : [ 0.037556449286294, 0.0, 0.761612627665812, 1.0, 0.674885291183918, 1.0, 0.380806313832906 ],
					"tiffanyRange" : [ 0.3333 ]
				}

			}
,
			"5" : 			{
				"id" : 5,
				"data" : 				{
					"catch1Color" : [ 255, 255, 255 ],
					"catch2Color" : [ 254, 111, 158 ],
					"masterFader" : [ 127 ],
					"mirrorStraight" : [ 1 ],
					"opSelect1" : [ 5 ],
					"opSelect2" : [ 5 ],
					"opSwitcher" : [ 1 ],
					"plurColorMode" : [ 0 ],
					"plurMode" : [ 0 ],
					"plurXrange" : [ 320 ],
					"plurXstep" : [ 0 ],
					"plurYrange" : [ 240 ],
					"plurYstep" : [ 100 ],
					"scanwrapColor" : [ 1.0, 0.029218790578251, 0.029218790578251, 1.0, 0.0, 1.0, 0.514609395289125 ],
					"tiffanyRange" : [ 0.2 ]
				}

			}
,
			"6" : 			{
				"id" : 6,
				"data" : 				{
					"catch1Color" : [ 255, 255, 255 ],
					"catch2Color" : [ 255, 0, 0 ],
					"masterFader" : [ 127 ],
					"mirrorStraight" : [ 1 ],
					"opSelect1" : [ 6 ],
					"opSelect2" : [ 0 ],
					"opSwitcher" : [ 0 ],
					"plurColorMode" : [ 0 ],
					"plurMode" : [ 0 ],
					"plurXrange" : [ 0 ],
					"plurXstep" : [ 0 ],
					"plurYrange" : [ 0 ],
					"plurYstep" : [ 0 ],
					"scanwrapColor" : [ 0.082740023160738, 0.683245841927273, 1.0, 1.0, 0.557554413156347, 1.0, 0.541370011580369 ],
					"tiffanyRange" : [ 0.333 ]
				}

			}
,
			"7" : 			{
				"id" : 7,
				"data" : 				{
					"catch1Color" : [ 255, 255, 255 ],
					"catch2Color" : [ 255, 255, 255 ],
					"masterFader" : [ 127 ],
					"mirrorStraight" : [ 1 ],
					"opSelect1" : [ 6 ],
					"opSelect2" : [ 0 ],
					"opSwitcher" : [ 1 ],
					"plurColorMode" : [ 0 ],
					"plurMode" : [ 0 ],
					"plurXrange" : [ 0 ],
					"plurXstep" : [ 1 ],
					"plurYrange" : [ 0 ],
					"plurYstep" : [ 50 ],
					"scanwrapColor" : [ 0.082740023160738, 0.683245841927273, 1.0, 1.0, 0.557554413156347, 1.0, 0.541370011580369 ],
					"tiffanyRange" : [ 0.01 ]
				}

			}
,
			"8" : 			{
				"id" : 8,
				"data" : 				{
					"catch1Color" : [ 31, 94, 255 ],
					"catch2Color" : [ 27, 0, 243 ],
					"masterFader" : [ 127 ],
					"mirrorStraight" : [ 1 ],
					"opSelect1" : [ 1 ],
					"opSelect2" : [ 2 ],
					"opSwitcher" : [ 1 ],
					"plurColorMode" : [ 0 ],
					"plurMode" : [ 0 ],
					"plurXrange" : [ 0 ],
					"plurXstep" : [ 1 ],
					"plurYrange" : [ 0 ],
					"plurYstep" : [ 50 ],
					"scanwrapColor" : [ 0.082740023160738, 0.683245841927271, 1.0, 1.0, 0.557554413156347, 1.0, 0.541370011580369 ],
					"tiffanyRange" : [ 0.01 ]
				}

			}
,
			"9" : 			{
				"id" : 9,
				"data" : 				{
					"catch1Color" : [ 16, 214, 255 ],
					"catch2Color" : [ 255, 29, 29 ],
					"masterFader" : [ 127 ],
					"mirrorStraight" : [ 1 ],
					"opSelect1" : [ 6 ],
					"opSelect2" : [ 0 ],
					"opSwitcher" : [ 1 ],
					"plurColorMode" : [ 11 ],
					"plurMode" : [ 17 ],
					"plurXrange" : [ 640 ],
					"plurXstep" : [ 0 ],
					"plurYrange" : [ 480 ],
					"plurYstep" : [ 40 ],
					"scanwrapColor" : [ 1.0, 0.189782488325714, 0.189782488325714, 1.0, 1.0, 1.0, 0.594891244162857 ],
					"tiffanyRange" : [ 0.01 ]
				}

			}
,
			"10" : 			{
				"id" : 10,
				"data" : 				{
					"catch1Color" : [ 30, 183, 255 ],
					"catch2Color" : [ 255, 255, 255 ],
					"masterFader" : [ 127 ],
					"mirrorStraight" : [ 1 ],
					"opSelect1" : [ 6 ],
					"opSelect2" : [ 0 ],
					"opSwitcher" : [ 1 ],
					"plurColorMode" : [ 0 ],
					"plurMode" : [ 0 ],
					"plurXrange" : [ 0 ],
					"plurXstep" : [ 1 ],
					"plurYrange" : [ 0 ],
					"plurYstep" : [ 50 ],
					"scanwrapColor" : [ 0.082740023160738, 0.683245841927271, 1.0, 1.0, 0.557554413156347, 1.0, 0.541370011580369 ],
					"tiffanyRange" : [ 0.01 ]
				}

			}
,
			"11" : 			{
				"id" : 11,
				"data" : 				{
					"catch1Color" : [ 255, 255, 255 ],
					"catch2Color" : [ 255, 15, 15 ],
					"masterFader" : [ 127 ],
					"mirrorStraight" : [ 1 ],
					"opSelect1" : [ 6 ],
					"opSelect2" : [ 2 ],
					"opSwitcher" : [ 1 ],
					"plurColorMode" : [ 0 ],
					"plurMode" : [ 0 ],
					"plurXrange" : [ 320 ],
					"plurXstep" : [ 1 ],
					"plurYrange" : [ 240 ],
					"plurYstep" : [ 50 ],
					"scanwrapColor" : [ 1.0, 1.0, 1.0, 1.0, 0.674885291183918, 1.0, 1.0 ],
					"tiffanyRange" : [ 0.0 ]
				}

			}
,
			"12" : 			{
				"id" : 12,
				"data" : 				{
					"catch1Color" : [ 254, 58, 58 ],
					"catch2Color" : [ 255, 15, 15 ],
					"masterFader" : [ 127 ],
					"mirrorStraight" : [ 0 ],
					"opSelect1" : [ 1 ],
					"opSelect2" : [ 5 ],
					"opSwitcher" : [ 1 ],
					"plurColorMode" : [ 11 ],
					"plurMode" : [ 17 ],
					"plurXrange" : [ 320 ],
					"plurXstep" : [ 1 ],
					"plurYrange" : [ 240 ],
					"plurYstep" : [ 50 ],
					"scanwrapColor" : [ 1.0, 1.0, 1.0, 1.0, 0.632981406174071, 1.0, 1.0 ],
					"tiffanyRange" : [ 0.333 ]
				}

			}
,
			"13" : 			{
				"id" : 13,
				"data" : 				{
					"catch1Color" : [ 0, 0, 0 ],
					"catch2Color" : [ 255, 255, 255 ],
					"masterFader" : [ 127 ],
					"mirrorStraight" : [ 1 ],
					"opSelect1" : [ 2 ],
					"opSelect2" : [ 7 ],
					"opSwitcher" : [ 1 ],
					"plurColorMode" : [ 11 ],
					"plurMode" : [ 17 ],
					"plurXrange" : [ 320 ],
					"plurXstep" : [ 2 ],
					"plurYrange" : [ 240 ],
					"plurYstep" : [ 50 ],
					"scanwrapColor" : [ 0.0, 0.975697557995763, 0.674817675122496, 1.0, 0.448604312130745, 1.0, 0.487848778997882 ],
					"tiffanyRange" : [ 0.333 ]
				}

			}
,
			"14" : 			{
				"id" : 14,
				"data" : 				{
					"catch1Color" : [ 0, 0, 0 ],
					"catch2Color" : [ 147, 0, 0 ],
					"masterFader" : [ 127 ],
					"mirrorStraight" : [ 1 ],
					"opSelect1" : [ 2 ],
					"opSelect2" : [ 4 ],
					"opSwitcher" : [ 1 ],
					"plurColorMode" : [ 11 ],
					"plurMode" : [ 17 ],
					"plurXrange" : [ 320 ],
					"plurXstep" : [ 1 ],