{
	"pattrstorage" : 	{
		"name" : "happyhome",
		"slots" : 		{
			"1" : 			{
				"id" : 1,
				"data" : 				{
					"colourswatch1" : [ 0.0, 0.0, 0.0, 1.0, 0.444821, 1.0, 0.0 ],
					"colourswatch2" : [ 0.0, 0.0, 0.0, 1.0, 0.516129, 0.0, 0.0 ]
				}

			}
,
			"2" : 			{
				"id" : 2,
				"data" : 				{
					"colourswatch1" : [ 0.0, 0.676984, 0.434517, 1.0, 0.440307, 1.0, 0.338492 ],
					"colourswatch2" : [ 0.0, 0.0, 0.0, 1.0, 0.591398, 0.0, 0.0 ]
				}

			}
,
			"3" : 			{
				"id" : 3,
				"data" : 				{
					"colourswatch1" : [ 0.0, 0.676984, 0.434517, 1.0, 0.440307, 1.0, 0.338492 ],
					"colourswatch2" : [ 0.354992, 0.354992, 0.354992, 1.0, 0.494624, 0.0, 0.354992 ]
				}

			}
,
			"4" : 			{
				"id" : 4,
				"data" : 				{
					"colourswatch1" : [ 0.0, 0.676984, 0.434517, 1.0, 0.440307, 1.0, 0.338492 ],
					"colourswatch2" : [ 0.387992, 0.387992, 0.387992, 1.0, 0.553763, 0.0, 0.387992 ]
				}

			}
,
			"5" : 			{
				"id" : 5,
				"data" : 				{
					"colourswatch1" : [ 0.0, 0.557881, 0.973985, 1.0, 0.571203, 1.0, 0.486993 ],
					"colourswatch2" : [ 0.156991, 0.156991, 0.156991, 1.0, 0.591398, 0.0, 0.156991 ]
				}

			}
,
			"6" : 			{
				"id" : 6,
				"data" : 				{
					"colourswatch1" : [ 0.0, 0.346983, 0.109945, 1.0, 0.386143, 1.0, 0.173491 ],
					"colourswatch2" : [ 0.0, 0.111992, 0.247982, 1.0, 0.591398, 1.0, 0.123991 ]
				}

			}
,
			"7" : 			{
				"id" : 7,
				"data" : 				{
					"colourswatch1" : [ 0.445983, 0.0, 0.048312, 1.0, 0.981945, 1.0, 0.222992 ],
					"colourswatch2" : [ 0.173491, 0.173491, 0.173491, 1.0, 0.666667, 0.0, 0.173491 ]
				}

			}
,
			"8" : 			{
				"id" : 8,
				"data" : 				{
					"colourswatch1" : [ 0.0, 0.676984, 0.434517, 1.0, 0.440307, 1.0, 0.338492 ],
					"colourswatch2" : [ 0.321992, 0.321992, 0.321992, 1.0, 0.526882, 0.0, 0.321992 ]
				}

			}
,
			"9" : 			{
				"id" : 9,
				"data" : 				{
					"colourswatch1" : [ 0.494067, 0.0, 0.874985, 1.0, 0.760776, 1.0, 0.437492 ],
					"colourswatch2" : [ 0.0, 0.293085, 0.412983, 1.0, 0.548387, 1.0, 0.206491 ]
				}

			}
,
			"10" : 			{
				"id" : 10,
				"data" : 				{
					"colourswatch1" : [ 0.709984, 0.0, 0.384555, 1.0, 0.909727, 1.0, 0.354992 ],
					"colourswatch2" : [ 1.0, 0.72709, 0.435987, 1.0, 0.086022, 1.0, 0.717993 ]
				}

			}
,
			"11" : 			{
				"id" : 11,
				"data" : 				{
					"colourswatch1" : [ 0.775984, 0.0, 0.126091, 1.0, 0.972918, 1.0, 0.387992 ],
					"colourswatch2" : [ 0.940985, 0.546378, 0.0, 1.0, 0.096774, 1.0, 0.470492 ]
				}

			}
,
			"12" : 			{
				"id" : 12,
				"data" : 				{
					"colourswatch1" : [ 0.0, 0.676984, 0.434517, 1.0, 0.440307, 1.0, 0.338492 ],
					"colourswatch2" : [ 0.0, 0.0, 0.0, 1.0, 0.591398, 0.0, 0.0 ]
				}

			}
,
			"13" : 			{
				"id" : 13,
				"data" : 				{
					"colourswatch1" : [ 0.0, 0.0, 0.0, 1.0, 0.300384, 1.0, 0.0 ],
					"colourswatch2" : [ 0.0, 0.0, 0.0, 1.0, 0.580645, 0.0, 0.0 ]
				}

			}

		}

	}

}
