{
	"pattrstorage" : 	{
		"name" : "ikeda",
		"slots" : 		{
			"1" : 			{
				"id" : 1,
				"data" : 				{
					"swatch1" : [ 0.0, 0.0, 0.0, 1.0, 0.84848, 1.0, 0.0 ],
					"swatch2" : [ 0.0, 0.0, 0.0, 1.0, 0.0, 1.0, 0.0 ],
					"swatch3" : [ 0.0, 0.0, 0.0, 1.0, 0.0, 1.0, 0.0 ]
				}

			}
,
			"2" : 			{
				"id" : 2,
				"data" : 				{
					"swatch1" : [ 0.998, 0.156863, 1.0, 1.0, 0.832938, 1.0, 0.578431 ],
					"swatch2" : [ 0.0, 0.0, 0.0, 1.0, 0.0, 1.0, 0.0 ],
					"swatch3" : [ 0.0, 0.0, 0.0, 1.0, 0.0, 1.0, 0.0 ]
				}

			}
,
			"3" : 			{
				"id" : 3,
				"data" : 				{
					"swatch1" : [ 0.998, 0.156863, 1.0, 1.0, 0.832938, 1.0, 0.578431 ],
					"swatch2" : [ 0.0, 0.834907, 0.901961, 1.0, 0.51239, 1.0, 0.45098 ],
					"swatch3" : [ 0.0, 0.0, 0.0, 1.0, 0.0, 1.0, 0.0 ]
				}

			}
,
			"4" : 			{
				"id" : 4,
				"data" : 				{
					"swatch1" : [ 0.998, 0.156863, 1.0, 1.0, 0.832938, 1.0, 0.578431 ],
					"swatch2" : [ 0.0, 0.834907, 0.901961, 1.0, 0.51239, 1.0, 0.45098 ],
					"swatch3" : [ 1.0, 0.04902, 0.04902, 1.0, 1.0, 1.0, 0.52451 ]
				}

			}
,
			"5" : 			{
				"id" : 5,
				"data" : 				{
					"swatch1" : [ 0.790478, 0.0, 0.921569, 1.0, 0.809625, 1.0, 0.460784 ],
					"swatch2" : [ 0.0, 0.0, 0.0, 1.0, 0.500734, 1.0, 0.0 ],
					"swatch3" : [ 1.0, 0.04902, 0.04902, 1.0, 1.0, 1.0, 0.52451 ]
				}

			}
,
			"6" : 			{
				"id" : 6,
				"data" : 				{
					"swatch1" : [ 0.0, 0.0, 0.0, 1.0, 0.980584, 1.0, 0.0 ],
					"swatch2" : [ 0.0, 0.0, 0.0, 1.0, 0.887334, 1.0, 0.0 ],
					"swatch3" : [ 0.0, 0.0, 0.0, 1.0, 0.976699, 1.0, 0.0 ]
				}

			}

		}

	}

}
