{
	"pattrstorage" : 	{
		"name" : "poly_party",
		"slots" : 		{
			"1" : 			{
				"id" : 1,
				"data" : 				{
					"colour1" : [ 1.0, 1.0, 1.0, 1.0, 0.625, 1.0, 1.0 ],
					"colour2" : [ 1.0, 1.0, 1.0, 1.0, 0.527995, 1.0, 1.0 ],
					"dim_high" : [ 100 ],
					"dim_low" : [ 0 ],
					"drawstyle1" : [ 1 ],
					"drawstyle2" : [ 1 ],
					"shape1" : [ 1 ],
					"shape2" : [ 1 ],
					"zoom1" : [ 0.672442 ],
					"zoom2" : [ 0.672442 ]
				}

			}
,
			"2" : 			{
				"id" : 2,
				"data" : 				{
					"colour1" : [ 1.0, 1.0, 1.0, 1.0, 0.507812, 1.0, 1.0 ],
					"colour2" : [ 1.0, 0.0, 0.0, 1.0, 1.0, 1.0, 0.5 ],
					"dim_high" : [ 35 ],
					"dim_low" : [ 4 ],
					"drawstyle1" : [ 9 ],
					"drawstyle2" : [ 9 ],
					"shape1" : [ 1 ],
					"shape2" : [ 1 ],
					"zoom1" : [ 0.672442 ],
					"zoom2" : [ 0.672442 ]
				}

			}
,
			"3" : 			{
				"id" : 3,
				"data" : 				{
					"colour1" : [ 1.0, 1.0, 1.0, 1.0, 0.507812, 1.0, 1.0 ],
					"colour2" : [ 1.0, 0.0, 0.0, 1.0, 1.0, 1.0, 0.5 ],
					"dim_high" : [ 35 ],
					"dim_low" : [ 4 ],
					"drawstyle1" : [ 9 ],
					"drawstyle2" : [ 9 ],
					"shape1" : [ 1 ],
					"shape2" : [ 1 ],
					"zoom1" : [ 1.095692 ],
					"zoom2" : [ 1.095692 ]
				}

			}
,
			"4" : 			{
				"id" : 4,
				"data" : 				{
					"colour1" : [ 0.80127, 0.3125, 1.0, 1.0, 0.785156, 1.0, 0.65625 ],
					"colour2" : [ 1.0, 0.0, 0.0, 1.0, 1.0, 1.0, 0.5 ],
					"dim_high" : [ 50 ],
					"dim_low" : [ 4 ],
					"drawstyle1" : [ 9 ],
					"drawstyle2" : [ 9 ],
					"shape1" : [ 1 ],
					"shape2" : [ 1 ],
					"zoom1" : [ 1.75 ],
					"zoom2" : [ 1.75 ]
				}

			}
,
			"9" : 			{
				"id" : 9,
				"data" : 				{
					"colour1" : [ 1.0, 1.0, 1.0, 1.0, 0.589844, 1.0, 1.0 ],
					"colour2" : [ 0.5, 0.541016, 1.0, 1.0, 0.652995, 1.0, 0.75 ],
					"dim_high" : [ 60 ],
					"dim_low" : [ 0 ],
					"drawstyle1" : [ 7 ],
					"drawstyle2" : [ 7 ],
					"shape1" : [ 3 ],
					"shape2" : [ 3 ],
					"zoom1" : [ 1.326923 ],
					"zoom2" : [ 1.326923 ]
				}

			}
,
			"10" : 			{
				"id" : 10,
				"data" : 				{
					"colour1" : [ 1.0, 0.0625, 0.0625, 1.0, 1.0, 1.0, 0.53125 ],
					"colour2" : [ 0.5, 0.541016, 1.0, 1.0, 0.652995, 1.0, 0.75 ],
					"dim_high" : [ 60 ],
					"dim_low" : [ 0 ],
					"drawstyle1" : [ 7 ],
					"drawstyle2" : [ 7 ],
					"shape1" : [ 3 ],
					"shape2" : [ 3 ],
					"zoom1" : [ 1.326923 ],
					"zoom2" : [ 1.326923 ]
				}

			}
,
			"17" : 			{
				"id" : 17,
				"data" : 				{
					"colour1" : [ 0.689452, 0.625, 1.0, 1.0, 0.695312, 1.0, 0.8125 ],
					"colour2" : [ 0.9375, 0.0, 0.281983, 1.0, 0.94987, 1.0, 0.46875 ],
					"dim_high" : [ 70 ],
					"dim_low" : [ 4 ],
					"drawstyle1" : [ 14 ],
					"drawstyle2" : [ 14 ],
					"shape1" : [ 2 ],
					"shape2" : [ 2 ],
					"zoom1" : [ 1.738046 ],
					"zoom2" : [ 1.738046 ]
				}

			}
,
			"25" : 			{
				"id" : 25,
				"data" : 				{
					"colour1" : [ 1.0, 1.0, 1.0, 1.0, 0.625, 1.0, 1.0 ],
					"colour2" : [ 1.0, 1.0, 1.0, 1.0, 0.527995, 1.0, 1.0 ],
					"dim_high" : [ 100 ],
					"dim_low" : [ 0 ],
					"drawstyle1" : [ 1 ],
					"drawstyle2" : [ 1 ],
					"shape1" : [ 4 ],
					"shape2" : [ 4 ],
					"zoom1" : [ 0.708824 ],
					"zoom2" : [ 0.708824 ]
				}

			}

		}

	}

}
