{
	"pattrstorage" : 	{
		"name" : "sticks",
		"slots" : 		{
			"1" : 			{
				"id" : 1,
				"data" : 				{
					"Color1" : [ 0.0, 0.0, 0.0, 1.0, 0.0, 1.0, 0.0 ],
					"Color2" : [ 0.0, 0.0, 0.0, 1.0, 0.0, 1.0, 0.0 ],
					"drawMode" : [ 1 ]
				}

			}
,
			"2" : 			{
				"id" : 2,
				"data" : 				{
					"Color1" : [ 0.785046728971963, 0.0, 0.0, 1.0, 0.0, 1.0, 0.392523364485981 ],
					"Color2" : [ 0.323748268089771, 0.317757009345794, 1.0, 1.0, 0.668130284670332, 1.0, 0.658878504672897 ],
					"drawMode" : [ 1 ]
				}

			}
,
			"3" : 			{
				"id" : 3,
				"data" : 				{
					"Color1" : [ 0.0, 0.133961353328736, 0.897196261682243, 1.0, 0.641781484711502, 1.0, 0.448598130841122 ],
					"Color2" : [ 0.0, 0.962616822429907, 0.498820772714417, 1.0, 0.419698742201364, 1.0, 0.481308411214953 ],
					"drawMode" : [ 1 ]
				}

			}
,
			"4" : 			{
				"id" : 4,
				"data" : 				{
					"Color1" : [ 0.747663551401869, 0.0, 0.0, 1.0, 0.0, 1.0, 0.373831775700935 ],
					"Color2" : [ 0.168224299065421, 0.884157509019872, 1.0, 1.0, 0.523211884896767, 1.0, 0.58411214953271 ],
					"drawMode" : [ 1 ]
				}

			}
,
			"5" : 			{
				"id" : 5,
				"data" : 				{
					"Color1" : [ 0.785046728971963, 0.0, 0.0, 1.0, 0.0, 1.0, 0.392523364485981 ],
					"Color2" : [ 0.323748268089771, 0.317757009345794, 1.0, 1.0, 0.668130284670332, 1.0, 0.658878504672897 ],
					"drawMode" : [ 4 ]
				}

			}

		}

	}

}
