{
	"pattrstorage" : 	{
		"name" : "tetra",
		"slots" : 		{
			"1" : 			{
				"id" : 1,
				"data" : 				{
					"blend" : [ 0 ],
					"bounds" : [ 0 ],
					"colour" : [ 0.766355140186916, 0.0, 0.165147525217591, 1.0, 0.964083769922191, 1.0, 0.383177570093458 ],
					"colour2" : [ 0.0, 0.499570797092177, 0.885285564672167, 1.0, 0.572615884819573, 1.0, 0.442642782336084 ],
					"cull" : [ 1 ],
					"polyMode" : [ 0 ],
					"scale" : [ 40.0 ],
					"shape" : [ 2 ],
					"singleShape" : [  ]
				}

			}
,
			"2" : 			{
				"id" : 2,
				"data" : 				{
					"blend" : [ 1 ],
					"bounds" : [ 0 ],
					"colour" : [ 0.766355140186916, 0.0, 0.165147525217591, 1.0, 0.964083769922191, 1.0, 0.383177570093458 ],
					"colour2" : [ 1.0, 1.0, 1.0, 1.0, 0.433343656465758, 1.0, 1.0 ],
					"cull" : [ 2 ],
					"polyMode" : [ 0 ],
					"scale" : [ 31.0 ],
					"shape" : [ 1 ],
					"singleShape" : [ 0 ]
				}

			}
,
			"3" : 			{
				"id" : 3,
				"data" : 				{
					"blend" : [ 1 ],
					"bounds" : [ 0 ],
					"colour" : [ 0.766355140186916, 0.0, 0.165147525217591, 1.0, 0.964083769922191, 1.0, 0.383177570093458 ],
					"colour2" : [ 1.0, 1.0, 1.0, 1.0, 0.538738856301078, 1.0, 1.0 ],
					"cull" : [ 2 ],
					"polyMode" : [ 0 ],
					"scale" : [ 31.0 ],
					"shape" : [ 2 ],
					"singleShape" : [ 0 ]
				}

			}
,
			"4" : 			{
				"id" : 4,
				"data" : 				{
					"blend" : [ 1 ],
					"bounds" : [ 1 ],
					"colour" : [ 0.766355140186916, 0.0, 0.165147525217591, 1.0, 0.964083769922191, 1.0, 0.383177570093458 ],
					"colour2" : [ 1.0, 1.0, 1.0, 1.0, 0.508625942062415, 1.0, 1.0 ],
					"cull" : [ 2 ],
					"polyMode" : [ 0 ],
					"scale" : [ 31.0 ],
					"shape" : [ 2 ],
					"singleShape" : [ 0 ]
				}

			}
,
			"5" : 			{
				"id" : 5,
				"data" : 				{
					"blend" : [ 1 ],
					"bounds" : [ 0 ],
					"colour" : [ 0.766355140186916, 0.0, 0.165147525217591, 1.0, 0.964083769922191, 1.0, 0.383177570093458 ],
					"colour2" : [ 1.0, 1.0, 1.0, 1.0, 0.346769028029602, 1.0, 1.0 ],
					"cull" : [  ],
					"polyMode" : [ 0 ],
					"scale" : [ 45.0 ],
					"shape" : [ 2 ],
					"singleShape" : [  ]
				}

			}
,
			"6" : 			{
				"id" : 6,
				"data" : 				{
					"blend" : [ 0 ],
					"bounds" : [ 0 ],
					"colour" : [ 0.766355140186916, 0.0, 0.165147525217591, 1.0, 0.964083769922191, 1.0, 0.383177570093458 ],
					"colour2" : [ 0.0, 0.499570797092177, 0.885285564672167, 1.0, 0.572615884819573, 1.0, 0.442642782336084 ],
					"cull" : [  ],
					"polyMode" : [ 1 ],
					"scale" : [ 23.0 ],
					"shape" : [ 4 ],
					"singleShape" : [  ]
				}

			}
,
			"7" : 			{
				"id" : 7,
				"data" : 				{
					"blend" : [ 0 ],
					"bounds" : [ 1 ],
					"colour" : [ 0.766355140186916, 0.0, 0.165147525217591, 1.0, 0.964083769922191, 1.0, 0.383177570093458 ],
					"colour2" : [ 0.0, 0.499570797092177, 0.885285564672167, 1.0, 0.572615884819573, 1.0, 0.442642782336084 ],
					"cull" : [ 2 ],
					"polyMode" : [ 0 ],
					"scale" : [ 21.0 ],
					"shape" : [ 3 ],
					"singleShape" : [ 0 ]
				}

			}
,
			"8" : 			{
				"id" : 8,
				"data" : 				{
					"blend" : [ 1 ],
					"bounds" : [ 0 ],
					"colour" : [ 0.766355140186916, 0.0, 0.165147525217591, 1.0, 0.964083769922191, 1.0, 0.383177570093458 ],
					"colour2" : [ 1.0, 1.0, 1.0, 1.0, 0.346769028029602, 1.0, 1.0 ],
					"cull" : [ 2 ],
					"polyMode" : [ 0 ],
					"scale" : [ 45.0 ],
					"shape" : [ 4 ],
					"singleShape" : [  ]
				}

			}
,
			"9" : 			{
				"id" : 9,
				"data" : 				{
					"blend" : [ 1 ],
					"bounds" : [ 0 ],
					"colour" : [ 0.766355140186916, 0.0, 0.165147525217591, 1.0, 0.964083769922191, 1.0, 0.383177570093458 ],
					"colour2" : [ 0.0, 0.499570797092177, 0.885285564672167, 1.0, 0.572615884819573, 1.0, 0.442642782336084 ],
					"cull" : [ 1 ],
					"polyMode" : [ 0 ],
					"scale" : [ 27.0 ],
					"shape" : [ 4 ],
					"singleShape" : [ 1 ]
				}

			}
,
			"10" : 			{
				"id" : 10,
				"data" : 				{
					"blend" : [ 1 ],
					"bounds" : [ 0 ],
					"colour" : [ 0.766355140186916, 0.0, 0.165147525217591, 1.0, 0.964083769922191, 1.0, 0.383177570093458 ],
					"colour2" : [ 1.0, 1.0, 1.0, 1.0, 0.346769028029602, 1.0, 1.0 ],
					"cull" : [ 0 ],
					"polyMode" : [ 0 ],
					"scale" : [ 45.0 ],
					"shape" : [ 2 ],
					"singleShape" : [  ]
				}

			}
,
			"11" : 			{
				"id" : 11,
				"data" : 				{
					"blend" : [ 0 ],
					"bounds" : [ 0 ],
					"colour" : [ 0.0, 0.0, 0.0, 1.0, 0.994196684160853, 1.0, 0.0 ],
					"colour2" : [ 0.0, 0.0, 0.0, 1.0, 0.572615884819573, 1.0, 0.0 ],
					"cull" : [  ],
					"polyMode" : [ 0 ],
					"scale" : [ 62.0 ],
					"shape" : [ 2 ],
					"singleShape" : [  ]
				}

			}
,
			"14" : 			{
				"id" : 14,
				"data" : 				{
					"blend" : [ 0 ],
					"bounds" : [ 0 ],
					"colour" : [ 0.766355140186916, 0.0, 0.165147525217591, 1.0, 0.964083769922191, 1.0, 0.383177570093458 ],
					"colour2" : [ 0.0, 0.499570797092177, 0.885285564672167, 1.0, 0.572615884819573, 1.0, 0.442642782336084 ],
					"cull" : [ 0 ],
					"polyMode" : [ 1 ],
					"scale" : [ 7.0 ],
					"shape" : [ 4 ],
					"singleShape" : [ 0 ]
				}

			}
,
			"15" : 			{
				"id" : 15,
				"data" : 				{
					"blend" : [ 1 ],
					"bounds" : [ 0 ],
					"colour" : [ 0.766355140186916, 0.0, 0.165147525217591, 1.0, 0.964083769922191, 1.0, 0.383177570093458 ],
					"colour2" : [ 0.0, 0.015137949956079, 0.679678088036653, 1.0, 0.662954627535562, 1.0, 0.339839044018327 ],
					"cull" : [ 0 ],
					"polyMode" : [ 0 ],
					"scale" : [ 22.0 ],
					"shape" : [ 1 ],
					"singleShape" : [  ]
				}

			}
,
			"16" : 			{
				"id" : 16,
				"data" : 				{
					"blend" : [ 0 ],
					"bounds" : [ 0 ],
					"colour" : [ 0.766355140186916, 0.0, 0.165147525217591, 1.0, 0.964083769922191, 1.0, 0.383177570093458 ],
					"colour2" : [ 0.0, 0.499570797092177, 0.885285564672167, 1.0, 0.572615884819573, 1.0, 0.442642782336084 ],
					"cull" : [ 1 ],
					"polyMode" : [ 0 ],
					"scale" : [ 40.0 ],
					"shape" : [ 2 ],
					"singleShape" : [  ]
				}

			}
,
			"17" : 			{
				"id" : 17,
				"data" : 				{
					"blend" : [ 1 ],
					"bounds" : [ 0 ],
					"colour" : [ 0.766355140186916, 0.0, 0.165147525217591, 1.0, 0.964083769922191, 1.0, 0.383177570093458 ],
					"colour2" : [ 1.0, 1.0, 1.0, 1.0, 0.433343656465758, 1.0, 1.0 ],
					"cull" : [ 2 ],
					"polyMode" : [ 0 ],
					"scale" : [ 31.0 ],
					"shape" : [ 1 ],
					"singleShape" : [ 0 ]
				}

			}
,
			"18" : 			{
				"id" : 18,
				"data" : 				{
					"blend" : [ 1 ],
					"bounds" : [ 0 ],
					"colour" : [ 0.766355140186916, 0.0, 0.165147525217591, 1.0, 0.964083769922191, 1.0, 0.383177570093458 ],
					"colour2" : [ 1.0, 1.0, 1.0, 1.0, 0.538738856301078, 1.0, 1.0 ],
					"cull" : [ 2 ],
					"polyMode" : [ 0 ],
					"scale" : [ 31.0 ],
					"shape" : [ 2 ],
					"singleShape" : [ 0 ]
				}

			}
,
			"19" : 			{
				"id" : 19,
				"data" : 				{
					"blend" : [ 1 ],
					"bounds" : [ 1 ],
					"colour" : [ 0.766355140186916, 0.0, 0.165147525217591, 1.0, 0.964083769922191, 1.0, 0.383177570093458 ],
					"colour2" : [ 1.0, 1.0, 1.0, 1.0, 0.508625942062415, 1.0, 1.0 ],
					"cull" : [ 2 ],
					"polyMode" : [ 0 ],
					"scale" : [ 31.0 ],
					"shape" : [ 2 ],
					"singleShape" : [ 0 ]
				}

			}
,
			"20" : 			{
				"id" : 20,
				"data" : 				{
					"blend" : [ 1 ],
					"bounds" : [ 0 ],
					"colour" : [ 0.766355140186916, 0.0, 0.165147525217591, 1.0, 0.964083769922191, 1.0, 0.383177570093458 ],
					"colour2" : [ 1.0, 1.0, 1.0, 1.0, 0.346769028029602, 1.0, 1.0 ],
					"cull" : [  ],
					"polyMode" : [ 0 ],
					"scale" : [ 45.0 ],
					"shape" : [ 2 ],
					"singleShape" : [  ]
				}

			}
,
			"21" : 			{
				"id" : 21,
				"data" : 				{
					"blend" : [ 0 ],
					"bounds" : [ 0 ],
					"colour" : [ 0.485981308411215, 0.0, 0.181557844592818, 1.0, 0.937734969963361, 1.0, 0.242990654205608 ],
					"colour2" : [ 0.0, 0.978743508597401, 0.918875944882, 1.0, 0.489805370663251, 1.0, 0.4893717542987 ],
					"cull" : [ 1 ],
					"polyMode" : [ 0 ],