{
	"pattrstorage" : 	{
		"name" : "tetra",
		"slots" : 		{
			"1" : 			{
				"id" : 1,
				"data" : 				{
					"blend" : [ 0 ],
					"bounds" : [ 0 ],
					"colour" : [ 0.766355140186916, 0.0, 0.165147525217591, 1.0, 0.964083769922191, 1.0, 0.383177570093458 ],
					"colour2" : [ 0.0, 0.499570797092177, 0.885285564672167, 1.0, 0.572615884819573, 1.0, 0.442642782336084 ],
					"cullFace" : [ 0 ],
					"polyMode" : [ 0 ],
					"scale" : [ 62.0 ],
					"shape" : [ 2 ],
					"zoom_y[1]" : [ 0.03999999910593 ]
				}

			}
,
			"2" : 			{
				"id" : 2,
				"data" : 				{
					"blend" : [ 0 ],
					"bounds" : [ 0 ],
					"colour" : [ 0.766355140186916, 0.0, 0.165147525217591, 1.0, 0.964083769922191, 1.0, 0.383177570093458 ],
					"colour2" : [ 0.0, 0.499570797092177, 0.885285564672167, 1.0, 0.572615884819573, 1.0, 0.442642782336084 ],
					"cullFace" : [ 0 ],
					"polyMode" : [ 0 ],
					"scale" : [ 36.0 ],
					"shape" : [ 2 ],
					"zoom_y[1]" : [ 0.03999999910593 ]
				}

			}
,
			"3" : 			{
				"id" : 3,
				"data" : 				{
					"blend" : [ 1 ],
					"bounds" : [ 0 ],
					"colour" : [ 0.766355140186916, 0.0, 0.165147525217591, 1.0, 0.964083769922191, 1.0, 0.383177570093458 ],
					"colour2" : [ 0.0, 0.499570797092177, 0.885285564672167, 1.0, 0.572615884819573, 1.0, 0.442642782336084 ],
					"cullFace" : [ 1 ],
					"polyMode" : [ 0 ],
					"scale" : [ 31.0 ],
					"shape" : [ 2 ],
					"zoom_y[1]" : [ 0.03999999910593 ]
				}

			}
,
			"4" : 			{
				"id" : 4,
				"data" : 				{
					"blend" : [ 1 ],
					"bounds" : [ 1 ],
					"colour" : [ 0.766355140186916, 0.0, 0.165147525217591, 1.0, 0.964083769922191, 1.0, 0.383177570093458 ],
					"colour2" : [ 0.0, 0.499570797092177, 0.885285564672167, 1.0, 0.572615884819573, 1.0, 0.442642782336084 ],
					"cullFace" : [ 1 ],
					"polyMode" : [ 0 ],
					"scale" : [ 31.0 ],
					"shape" : [ 2 ],
					"zoom_y[1]" : [ 0.03999999910593 ]
				}

			}
,
			"5" : 			{
				"id" : 5,
				"data" : 				{
					"blend" : [ 1 ],
					"bounds" : [ 0 ],
					"colour" : [ 0.766355140186916, 0.0, 0.165147525217591, 1.0, 0.964083769922191, 1.0, 0.383177570093458 ],
					"colour2" : [ 1.0, 1.0, 1.0, 1.0, 0.346769028029602, 1.0, 1.0 ],
					"cullFace" : [ 1 ],
					"polyMode" : [ 0 ],
					"scale" : [ 45.0 ],
					"shape" : [ 2 ],
					"zoom_y[1]" : [ 0.03999999910593 ]
				}

			}
,
			"6" : 			{
				"id" : 6,
				"data" : 				{
					"blend" : [ 0 ],
					"bounds" : [ 0 ],
					"colour" : [ 0.766355140186916, 0.0, 0.165147525217591, 1.0, 0.964083769922191, 1.0, 0.383177570093458 ],
					"colour2" : [ 0.0, 0.499570797092177, 0.885285564672167, 1.0, 0.572615884819573, 1.0, 0.442642782336084 ],
					"cullFace" : [ 0 ],
					"polyMode" : [ 1 ],
					"scale" : [ 23.0 ],
					"shape" : [ 4 ],
					"zoom_y[1]" : [ 0.03999999910593 ]
				}

			}
,
			"7" : 			{
				"id" : 7,
				"data" : 				{
					"blend" : [ 0 ],
					"bounds" : [ 0 ],
					"colour" : [ 0.766355140186916, 0.0, 0.165147525217591, 1.0, 0.964083769922191, 1.0, 0.383177570093458 ],
					"colour2" : [ 0.0, 0.499570797092177, 0.885285564672167, 1.0, 0.572615884819573, 1.0, 0.442642782336084 ],
					"cullFace" : [ 0 ],
					"polyMode" : [ 0 ],
					"scale" : [ 41.0 ],
					"shape" : [ 4 ],
					"zoom_y[1]" : [ 0.03999999910593 ]
				}

			}
,
			"11" : 			{
				"id" : 11,
				"data" : 				{
					"blend" : [ 0 ],
					"bounds" : [ 0 ],
					"colour" : [ 0.0, 0.0, 0.0, 1.0, 0.994196684160853, 1.0, 0.0 ],
					"colour2" : [ 0.0, 0.0, 0.0, 1.0, 0.572615884819573, 1.0, 0.0 ],
					"cullFace" : [ 0 ],
					"polyMode" : [ 0 ],
					"scale" : [ 62.0 ],
					"shape" : [ 2 ],
					"zoom_y[1]" : [ 0.03999999910593 ]
				}

			}

		}

	}

}
